,path,wikidata_id,label
0,/content/Instance_level_recognition/app/ml/data/imgs/Q11716842/image_0000.jpg,Q11716842,0
1,/content/Instance_level_recognition/app/ml/data/imgs/Q11716842/image_0001.jpg,Q11716842,0
2,/content/Instance_level_recognition/app/ml/data/imgs/Q11716842/image_0002.jpg,Q11716842,0
3,/content/Instance_level_recognition/app/ml/data/imgs/Q11716842/image_0003.jpg,Q11716842,0
4,/content/Instance_level_recognition/app/ml/data/imgs/Q11716842/image_0004.jpg,Q11716842,0
5,/content/Instance_level_recognition/app/ml/data/imgs/Q11716842/image_0005.jpg,Q11716842,0
6,/content/Instance_level_recognition/app/ml/data/imgs/Q11716842/image_0006.jpg,Q11716842,0
7,/content/Instance_level_recognition/app/ml/data/imgs/Q11716842/image_0007.jpg,Q11716842,0
8,/content/Instance_level_recognition/app/ml/data/imgs/Q11716842/image_0008.jpg,Q11716842,0
9,/content/Instance_level_recognition/app/ml/data/imgs/Q11716842/image_0009.jpg,Q11716842,0
10,/content/Instance_level_recognition/app/ml/data/imgs/Q11716842/image_0010.jpg,Q11716842,0
11,/content/Instance_level_recognition/app/ml/data/imgs/Q11716842/image_0011.jpg,Q11716842,0
12,/content/Instance_level_recognition/app/ml/data/imgs/Q11716842/image_0012.jpg,Q11716842,0
13,/content/Instance_level_recognition/app/ml/data/imgs/Q11716842/image_0013.jpg,Q11716842,0
14,/content/Instance_level_recognition/app/ml/data/imgs/Q11716842/image_0014.jpg,Q11716842,0
15,/content/Instance_level_recognition/app/ml/data/imgs/Q11716842/image_0015.jpg,Q11716842,0
16,/content/Instance_level_recognition/app/ml/data/imgs/Q11716842/image_0016.jpg,Q11716842,0
17,/content/Instance_level_recognition/app/ml/data/imgs/Q11716842/image_0017.jpg,Q11716842,0
18,/content/Instance_level_recognition/app/ml/data/imgs/Q11716842/image_0018.jpg,Q11716842,0
19,/content/Instance_level_recognition/app/ml/data/imgs/Q11716842/image_0019.jpg,Q11716842,0
20,/content/Instance_level_recognition/app/ml/data/imgs/Q11716842/image_0020.jpg,Q11716842,0
21,/content/Instance_level_recognition/app/ml/data/imgs/Q11716842/image_0021.jpg,Q11716842,0
22,/content/Instance_level_recognition/app/ml/data/imgs/Q11716842/image_0022.jpg,Q11716842,0
23,/content/Instance_level_recognition/app/ml/data/imgs/Q11716842/image_0023.jpg,Q11716842,0
24,/content/Instance_level_recognition/app/ml/data/imgs/Q11716842/image_0024.jpg,Q11716842,0
25,/content/Instance_level_recognition/app/ml/data/imgs/Q11716842/image_0025.jpg,Q11716842,0
26,/content/Instance_level_recognition/app/ml/data/imgs/Q11716842/image_0026.jpg,Q11716842,0
27,/content/Instance_level_recognition/app/ml/data/imgs/Q11716842/image_0027.jpg,Q11716842,0
28,/content/Instance_level_recognition/app/ml/data/imgs/Q11716842/image_0028.jpg,Q11716842,0
29,/content/Instance_level_recognition/app/ml/data/imgs/Q11716842/image_0029.jpg,Q11716842,0
30,/content/Instance_level_recognition/app/ml/data/imgs/Q11716842/image_0030.jpg,Q11716842,0
31,/content/Instance_level_recognition/app/ml/data/imgs/Q11716842/image_0031.jpg,Q11716842,0
32,/content/Instance_level_recognition/app/ml/data/imgs/Q11716842/image_0032.jpg,Q11716842,0
33,/content/Instance_level_recognition/app/ml/data/imgs/Q11716842/image_0033.jpg,Q11716842,0
34,/content/Instance_level_recognition/app/ml/data/imgs/Q11716842/image_0034.jpg,Q11716842,0
35,/content/Instance_level_recognition/app/ml/data/imgs/Q11716842/image_0035.jpg,Q11716842,0
36,/content/Instance_level_recognition/app/ml/data/imgs/Q11716842/image_0036.jpg,Q11716842,0
37,/content/Instance_level_recognition/app/ml/data/imgs/Q11716842/image_0037.jpg,Q11716842,0
38,/content/Instance_level_recognition/app/ml/data/imgs/Q11716842/image_0038.jpg,Q11716842,0
39,/content/Instance_level_recognition/app/ml/data/imgs/Q11716842/image_0039.jpg,Q11716842,0
40,/content/Instance_level_recognition/app/ml/data/imgs/Q11716842/image_0040.jpg,Q11716842,0
41,/content/Instance_level_recognition/app/ml/data/imgs/Q11716842/image_0041.jpg,Q11716842,0
42,/content/Instance_level_recognition/app/ml/data/imgs/Q11716842/image_0042.jpg,Q11716842,0
43,/content/Instance_level_recognition/app/ml/data/imgs/Q11716842/image_0043.jpg,Q11716842,0
44,/content/Instance_level_recognition/app/ml/data/imgs/Q11716842/image_0044.jpg,Q11716842,0
45,/content/Instance_level_recognition/app/ml/data/imgs/Q11716842/image_0045.jpg,Q11716842,0
46,/content/Instance_level_recognition/app/ml/data/imgs/Q11716842/image_0046.jpg,Q11716842,0
47,/content/Instance_level_recognition/app/ml/data/imgs/Q11716842/image_0047.jpg,Q11716842,0
48,/content/Instance_level_recognition/app/ml/data/imgs/Q11716842/image_0048.jpg,Q11716842,0
49,/content/Instance_level_recognition/app/ml/data/imgs/Q11716842/image_0049.jpg,Q11716842,0
50,/content/Instance_level_recognition/app/ml/data/imgs/Q11716842/image_0050.jpg,Q11716842,0
51,/content/Instance_level_recognition/app/ml/data/imgs/Q11716842/image_0051.jpg,Q11716842,0
52,/content/Instance_level_recognition/app/ml/data/imgs/Q11716842/image_0052.jpg,Q11716842,0
53,/content/Instance_level_recognition/app/ml/data/imgs/Q11716842/image_0053.jpg,Q11716842,0
54,/content/Instance_level_recognition/app/ml/data/imgs/Q11716842/image_0054.jpg,Q11716842,0
55,/content/Instance_level_recognition/app/ml/data/imgs/Q11716842/image_0055.jpg,Q11716842,0
56,/content/Instance_level_recognition/app/ml/data/imgs/Q11716842/image_0056.jpg,Q11716842,0
57,/content/Instance_level_recognition/app/ml/data/imgs/Q11716842/image_0057.jpg,Q11716842,0
58,/content/Instance_level_recognition/app/ml/data/imgs/Q11716842/image_0058.jpg,Q11716842,0
59,/content/Instance_level_recognition/app/ml/data/imgs/Q11716842/image_0059.jpg,Q11716842,0
60,/content/Instance_level_recognition/app/ml/data/imgs/Q11716842/image_0060.jpg,Q11716842,0
61,/content/Instance_level_recognition/app/ml/data/imgs/Q11716842/image_0061.jpg,Q11716842,0
62,/content/Instance_level_recognition/app/ml/data/imgs/Q11716842/image_0062.jpg,Q11716842,0
63,/content/Instance_level_recognition/app/ml/data/imgs/Q11716842/image_0063.jpg,Q11716842,0
64,/content/Instance_level_recognition/app/ml/data/imgs/Q11716842/image_0064.jpg,Q11716842,0
65,/content/Instance_level_recognition/app/ml/data/imgs/Q11716842/image_0065.jpg,Q11716842,0
66,/content/Instance_level_recognition/app/ml/data/imgs/Q11716842/image_0066.jpg,Q11716842,0
67,/content/Instance_level_recognition/app/ml/data/imgs/Q11716842/image_0067.jpg,Q11716842,0
68,/content/Instance_level_recognition/app/ml/data/imgs/Q11716842/image_0068.jpg,Q11716842,0
69,/content/Instance_level_recognition/app/ml/data/imgs/Q11716842/image_0069.jpg,Q11716842,0
70,/content/Instance_level_recognition/app/ml/data/imgs/Q11716842/image_0070.jpg,Q11716842,0
71,/content/Instance_level_recognition/app/ml/data/imgs/Q11716842/image_0071.jpg,Q11716842,0
72,/content/Instance_level_recognition/app/ml/data/imgs/Q11716842/image_0072.jpg,Q11716842,0
73,/content/Instance_level_recognition/app/ml/data/imgs/Q11716842/image_0073.jpg,Q11716842,0
74,/content/Instance_level_recognition/app/ml/data/imgs/Q11716842/image_0074.jpg,Q11716842,0
75,/content/Instance_level_recognition/app/ml/data/imgs/Q11716842/image_0075.jpg,Q11716842,0
76,/content/Instance_level_recognition/app/ml/data/imgs/Q11716842/image_0076.jpg,Q11716842,0
77,/content/Instance_level_recognition/app/ml/data/imgs/Q11716842/image_0077.jpg,Q11716842,0
78,/content/Instance_level_recognition/app/ml/data/imgs/Q11716842/image_0078.jpg,Q11716842,0
79,/content/Instance_level_recognition/app/ml/data/imgs/Q11716842/image_0079.jpg,Q11716842,0
80,/content/Instance_level_recognition/app/ml/data/imgs/Q11716842/image_0080.jpg,Q11716842,0
81,/content/Instance_level_recognition/app/ml/data/imgs/Q11716842/image_0081.jpg,Q11716842,0
82,/content/Instance_level_recognition/app/ml/data/imgs/Q11716842/image_0082.jpg,Q11716842,0
83,/content/Instance_level_recognition/app/ml/data/imgs/Q11716842/image_0083.jpg,Q11716842,0
84,/content/Instance_level_recognition/app/ml/data/imgs/Q11716842/image_0084.jpg,Q11716842,0
85,/content/Instance_level_recognition/app/ml/data/imgs/Q11716842/image_0085.jpg,Q11716842,0
86,/content/Instance_level_recognition/app/ml/data/imgs/Q11716842/image_0086.jpg,Q11716842,0
87,/content/Instance_level_recognition/app/ml/data/imgs/Q11716842/image_0087.jpg,Q11716842,0
88,/content/Instance_level_recognition/app/ml/data/imgs/Q11716842/image_0088.jpg,Q11716842,0
89,/content/Instance_level_recognition/app/ml/data/imgs/Q11716842/image_0089.jpg,Q11716842,0
90,/content/Instance_level_recognition/app/ml/data/imgs/Q11716842/image_0090.jpg,Q11716842,0
91,/content/Instance_level_recognition/app/ml/data/imgs/Q11716842/image_0091.jpg,Q11716842,0
92,/content/Instance_level_recognition/app/ml/data/imgs/Q11716842/image_0092.jpg,Q11716842,0
93,/content/Instance_level_recognition/app/ml/data/imgs/Q11716842/image_0093.jpg,Q11716842,0
94,/content/Instance_level_recognition/app/ml/data/imgs/Q11716842/image_0094.jpg,Q11716842,0
95,/content/Instance_level_recognition/app/ml/data/imgs/Q11716842/image_0095.jpg,Q11716842,0
96,/content/Instance_level_recognition/app/ml/data/imgs/Q11716842/image_0096.jpg,Q11716842,0
97,/content/Instance_level_recognition/app/ml/data/imgs/Q11716842/image_0097.jpg,Q11716842,0
98,/content/Instance_level_recognition/app/ml/data/imgs/Q11716842/image_0098.jpg,Q11716842,0
99,/content/Instance_level_recognition/app/ml/data/imgs/Q11716842/image_0099.jpg,Q11716842,0
100,/content/Instance_level_recognition/app/ml/data/imgs/Q11716842/image_0100.jpg,Q11716842,0
101,/content/Instance_level_recognition/app/ml/data/imgs/Q11716842/image_0101.jpg,Q11716842,0
102,/content/Instance_level_recognition/app/ml/data/imgs/Q11716842/image_0102.jpg,Q11716842,0
103,/content/Instance_level_recognition/app/ml/data/imgs/Q11716842/image_0103.jpg,Q11716842,0
104,/content/Instance_level_recognition/app/ml/data/imgs/Q11716842/image_0104.jpg,Q11716842,0
105,/content/Instance_level_recognition/app/ml/data/imgs/Q11716842/image_0105.jpg,Q11716842,0
106,/content/Instance_level_recognition/app/ml/data/imgs/Q11716842/image_0106.jpg,Q11716842,0
107,/content/Instance_level_recognition/app/ml/data/imgs/Q11716842/image_0107.jpg,Q11716842,0
108,/content/Instance_level_recognition/app/ml/data/imgs/Q11716842/image_0108.jpg,Q11716842,0
109,/content/Instance_level_recognition/app/ml/data/imgs/Q11716842/image_0109.jpg,Q11716842,0
110,/content/Instance_level_recognition/app/ml/data/imgs/Q11716842/image_0110.jpg,Q11716842,0
111,/content/Instance_level_recognition/app/ml/data/imgs/Q11716842/image_0111.jpg,Q11716842,0
112,/content/Instance_level_recognition/app/ml/data/imgs/Q11716842/image_0112.jpg,Q11716842,0
113,/content/Instance_level_recognition/app/ml/data/imgs/Q11716842/image_0113.jpg,Q11716842,0
114,/content/Instance_level_recognition/app/ml/data/imgs/Q11716842/image_0114.jpg,Q11716842,0
115,/content/Instance_level_recognition/app/ml/data/imgs/Q11716842/image_0115.jpg,Q11716842,0
116,/content/Instance_level_recognition/app/ml/data/imgs/Q11716842/image_0116.jpg,Q11716842,0
117,/content/Instance_level_recognition/app/ml/data/imgs/Q11716842/image_0117.jpg,Q11716842,0
118,/content/Instance_level_recognition/app/ml/data/imgs/Q11716842/image_0118.jpg,Q11716842,0
119,/content/Instance_level_recognition/app/ml/data/imgs/Q11716842/image_0119.jpg,Q11716842,0
120,/content/Instance_level_recognition/app/ml/data/imgs/Q11716842/image_0120.jpg,Q11716842,0
121,/content/Instance_level_recognition/app/ml/data/imgs/Q11716842/image_0121.jpg,Q11716842,0
122,/content/Instance_level_recognition/app/ml/data/imgs/Q11716842/image_0122.jpg,Q11716842,0
123,/content/Instance_level_recognition/app/ml/data/imgs/Q11716842/image_0123.jpg,Q11716842,0
124,/content/Instance_level_recognition/app/ml/data/imgs/Q11716842/image_0124.jpg,Q11716842,0
125,/content/Instance_level_recognition/app/ml/data/imgs/Q11716842/image_0125.jpg,Q11716842,0
126,/content/Instance_level_recognition/app/ml/data/imgs/Q11716842/image_0126.jpg,Q11716842,0
127,/content/Instance_level_recognition/app/ml/data/imgs/Q11716842/image_0127.jpg,Q11716842,0
128,/content/Instance_level_recognition/app/ml/data/imgs/Q11716842/image_0128.jpg,Q11716842,0
129,/content/Instance_level_recognition/app/ml/data/imgs/Q11716842/image_0129.jpg,Q11716842,0
130,/content/Instance_level_recognition/app/ml/data/imgs/Q11716842/image_0130.jpg,Q11716842,0
131,/content/Instance_level_recognition/app/ml/data/imgs/Q11716842/image_0131.jpg,Q11716842,0
132,/content/Instance_level_recognition/app/ml/data/imgs/Q11716842/image_0132.jpg,Q11716842,0
133,/content/Instance_level_recognition/app/ml/data/imgs/Q11716842/image_0133.jpg,Q11716842,0
134,/content/Instance_level_recognition/app/ml/data/imgs/Q11716842/image_0134.jpg,Q11716842,0
135,/content/Instance_level_recognition/app/ml/data/imgs/Q11716842/image_0135.jpg,Q11716842,0
136,/content/Instance_level_recognition/app/ml/data/imgs/Q11716842/image_0136.jpg,Q11716842,0
137,/content/Instance_level_recognition/app/ml/data/imgs/Q11716842/image_0137.jpg,Q11716842,0
138,/content/Instance_level_recognition/app/ml/data/imgs/Q11716842/image_0138.jpg,Q11716842,0
139,/content/Instance_level_recognition/app/ml/data/imgs/Q11716842/image_0139.jpg,Q11716842,0
140,/content/Instance_level_recognition/app/ml/data/imgs/Q11716842/image_0140.jpg,Q11716842,0
141,/content/Instance_level_recognition/app/ml/data/imgs/Q11716842/image_0141.jpg,Q11716842,0
142,/content/Instance_level_recognition/app/ml/data/imgs/Q11716842/image_0142.jpg,Q11716842,0
143,/content/Instance_level_recognition/app/ml/data/imgs/Q11716842/image_0143.jpg,Q11716842,0
144,/content/Instance_level_recognition/app/ml/data/imgs/Q11716842/image_0144.jpg,Q11716842,0
145,/content/Instance_level_recognition/app/ml/data/imgs/Q11716842/image_0145.jpg,Q11716842,0
146,/content/Instance_level_recognition/app/ml/data/imgs/Q11716842/image_0146.jpg,Q11716842,0
147,/content/Instance_level_recognition/app/ml/data/imgs/Q11716842/image_0147.jpg,Q11716842,0
148,/content/Instance_level_recognition/app/ml/data/imgs/Q11716842/image_0148.jpg,Q11716842,0
149,/content/Instance_level_recognition/app/ml/data/imgs/Q11716842/image_0149.jpg,Q11716842,0
150,/content/Instance_level_recognition/app/ml/data/imgs/Q11716842/image_0150.jpg,Q11716842,0
151,/content/Instance_level_recognition/app/ml/data/imgs/Q11716842/image_0151.jpg,Q11716842,0
152,/content/Instance_level_recognition/app/ml/data/imgs/Q11716842/image_0152.jpg,Q11716842,0
153,/content/Instance_level_recognition/app/ml/data/imgs/Q11716842/image_0153.jpg,Q11716842,0
154,/content/Instance_level_recognition/app/ml/data/imgs/Q11716842/image_0154.jpg,Q11716842,0
155,/content/Instance_level_recognition/app/ml/data/imgs/Q11716842/image_0155.jpg,Q11716842,0
156,/content/Instance_level_recognition/app/ml/data/imgs/Q11716842/image_0156.jpg,Q11716842,0
157,/content/Instance_level_recognition/app/ml/data/imgs/Q11716842/image_0157.jpg,Q11716842,0
158,/content/Instance_level_recognition/app/ml/data/imgs/Q11716842/image_0158.jpg,Q11716842,0
159,/content/Instance_level_recognition/app/ml/data/imgs/Q11716842/image_0159.jpg,Q11716842,0
160,/content/Instance_level_recognition/app/ml/data/imgs/Q11716842/image_0160.jpg,Q11716842,0
161,/content/Instance_level_recognition/app/ml/data/imgs/Q11716842/image_0161.jpg,Q11716842,0
162,/content/Instance_level_recognition/app/ml/data/imgs/Q11716842/image_0162.jpg,Q11716842,0
163,/content/Instance_level_recognition/app/ml/data/imgs/Q11716842/image_0163.jpg,Q11716842,0
164,/content/Instance_level_recognition/app/ml/data/imgs/Q11716842/image_0164.jpg,Q11716842,0
165,/content/Instance_level_recognition/app/ml/data/imgs/Q11716842/image_0165.jpg,Q11716842,0
166,/content/Instance_level_recognition/app/ml/data/imgs/Q11716842/image_0166.jpg,Q11716842,0
167,/content/Instance_level_recognition/app/ml/data/imgs/Q11716842/image_0167.jpg,Q11716842,0
168,/content/Instance_level_recognition/app/ml/data/imgs/Q11716842/image_0168.jpg,Q11716842,0
169,/content/Instance_level_recognition/app/ml/data/imgs/Q11716842/image_0169.jpg,Q11716842,0
170,/content/Instance_level_recognition/app/ml/data/imgs/Q11716842/image_0170.jpg,Q11716842,0
171,/content/Instance_level_recognition/app/ml/data/imgs/Q11716842/image_0171.jpg,Q11716842,0
172,/content/Instance_level_recognition/app/ml/data/imgs/Q11716842/image_0172.jpg,Q11716842,0
173,/content/Instance_level_recognition/app/ml/data/imgs/Q11716842/image_0173.jpg,Q11716842,0
174,/content/Instance_level_recognition/app/ml/data/imgs/Q11716842/image_0174.jpg,Q11716842,0
175,/content/Instance_level_recognition/app/ml/data/imgs/Q11716842/image_0175.jpg,Q11716842,0
176,/content/Instance_level_recognition/app/ml/data/imgs/Q11716842/image_0176.jpg,Q11716842,0
177,/content/Instance_level_recognition/app/ml/data/imgs/Q11716842/image_0177.jpg,Q11716842,0
178,/content/Instance_level_recognition/app/ml/data/imgs/Q11716842/image_0178.jpg,Q11716842,0
179,/content/Instance_level_recognition/app/ml/data/imgs/Q11716842/image_0179.jpg,Q11716842,0
180,/content/Instance_level_recognition/app/ml/data/imgs/Q11716842/image_0180.jpg,Q11716842,0
181,/content/Instance_level_recognition/app/ml/data/imgs/Q11716842/image_0181.jpg,Q11716842,0
182,/content/Instance_level_recognition/app/ml/data/imgs/Q11716842/image_0182.jpg,Q11716842,0
183,/content/Instance_level_recognition/app/ml/data/imgs/Q11716842/image_0183.jpg,Q11716842,0
184,/content/Instance_level_recognition/app/ml/data/imgs/Q11716842/image_0184.jpg,Q11716842,0
185,/content/Instance_level_recognition/app/ml/data/imgs/Q11716842/image_0185.jpg,Q11716842,0
186,/content/Instance_level_recognition/app/ml/data/imgs/Q11716842/image_0186.jpg,Q11716842,0
187,/content/Instance_level_recognition/app/ml/data/imgs/Q11716842/image_0187.jpg,Q11716842,0
188,/content/Instance_level_recognition/app/ml/data/imgs/Q11716842/image_0188.jpg,Q11716842,0
189,/content/Instance_level_recognition/app/ml/data/imgs/Q11716842/image_0189.jpg,Q11716842,0
190,/content/Instance_level_recognition/app/ml/data/imgs/Q11716842/image_0190.jpg,Q11716842,0
191,/content/Instance_level_recognition/app/ml/data/imgs/Q11716842/image_0191.jpg,Q11716842,0
192,/content/Instance_level_recognition/app/ml/data/imgs/Q11716842/image_0192.jpg,Q11716842,0
193,/content/Instance_level_recognition/app/ml/data/imgs/Q11716842/image_0194.jpg,Q11716842,0
194,/content/Instance_level_recognition/app/ml/data/imgs/Q11716842/image_0195.jpg,Q11716842,0
195,/content/Instance_level_recognition/app/ml/data/imgs/Q11716842/image_0196.jpg,Q11716842,0
196,/content/Instance_level_recognition/app/ml/data/imgs/Q11716842/image_0197.jpg,Q11716842,0
197,/content/Instance_level_recognition/app/ml/data/imgs/Q11716842/image_0198.jpg,Q11716842,0
198,/content/Instance_level_recognition/app/ml/data/imgs/Q11716842/image_0199.jpg,Q11716842,0
199,/content/Instance_level_recognition/app/ml/data/imgs/Q11716842/image_0200.jpg,Q11716842,0
200,/content/Instance_level_recognition/app/ml/data/imgs/Q11716842/image_0201.jpg,Q11716842,0
201,/content/Instance_level_recognition/app/ml/data/imgs/Q11716842/image_0202.jpg,Q11716842,0
202,/content/Instance_level_recognition/app/ml/data/imgs/Q11716842/image_0203.jpg,Q11716842,0
203,/content/Instance_level_recognition/app/ml/data/imgs/Q11716842/image_0204.jpg,Q11716842,0
204,/content/Instance_level_recognition/app/ml/data/imgs/Q11716842/image_0205.jpg,Q11716842,0
205,/content/Instance_level_recognition/app/ml/data/imgs/Q11716842/image_0206.jpg,Q11716842,0
206,/content/Instance_level_recognition/app/ml/data/imgs/Q11716842/image_0207.jpg,Q11716842,0
207,/content/Instance_level_recognition/app/ml/data/imgs/Q11716842/image_0208.jpg,Q11716842,0
208,/content/Instance_level_recognition/app/ml/data/imgs/Q11716842/image_0209.jpg,Q11716842,0
209,/content/Instance_level_recognition/app/ml/data/imgs/Q11716842/image_0210.jpg,Q11716842,0
210,/content/Instance_level_recognition/app/ml/data/imgs/Q11716842/image_0211.jpg,Q11716842,0
211,/content/Instance_level_recognition/app/ml/data/imgs/Q11716842/image_0212.jpg,Q11716842,0
212,/content/Instance_level_recognition/app/ml/data/imgs/Q11716842/image_0213.jpg,Q11716842,0
213,/content/Instance_level_recognition/app/ml/data/imgs/Q11716842/image_0214.jpg,Q11716842,0
214,/content/Instance_level_recognition/app/ml/data/imgs/Q11716842/image_0215.jpg,Q11716842,0
215,/content/Instance_level_recognition/app/ml/data/imgs/Q11716842/image_0216.jpg,Q11716842,0
216,/content/Instance_level_recognition/app/ml/data/imgs/Q11716842/image_0217.jpg,Q11716842,0
217,/content/Instance_level_recognition/app/ml/data/imgs/Q11716842/image_0218.jpg,Q11716842,0
218,/content/Instance_level_recognition/app/ml/data/imgs/Q11716842/image_0219.jpg,Q11716842,0
219,/content/Instance_level_recognition/app/ml/data/imgs/Q11716842/image_0220.jpg,Q11716842,0
220,/content/Instance_level_recognition/app/ml/data/imgs/Q11716842/image_0221.jpg,Q11716842,0
221,/content/Instance_level_recognition/app/ml/data/imgs/Q11716842/image_0222.jpg,Q11716842,0
222,/content/Instance_level_recognition/app/ml/data/imgs/Q11716842/image_0223.jpg,Q11716842,0
223,/content/Instance_level_recognition/app/ml/data/imgs/Q11716842/image_0224.jpg,Q11716842,0
224,/content/Instance_level_recognition/app/ml/data/imgs/Q11716842/image_0225.jpg,Q11716842,0
225,/content/Instance_level_recognition/app/ml/data/imgs/Q11716842/image_0226.jpg,Q11716842,0
226,/content/Instance_level_recognition/app/ml/data/imgs/Q11716842/image_0227.jpg,Q11716842,0
227,/content/Instance_level_recognition/app/ml/data/imgs/Q11716842/image_0228.jpg,Q11716842,0
228,/content/Instance_level_recognition/app/ml/data/imgs/Q11716842/image_0229.jpg,Q11716842,0
229,/content/Instance_level_recognition/app/ml/data/imgs/Q11716842/image_0230.jpg,Q11716842,0
230,/content/Instance_level_recognition/app/ml/data/imgs/Q11716842/image_0231.jpg,Q11716842,0
231,/content/Instance_level_recognition/app/ml/data/imgs/Q11716842/image_0232.jpg,Q11716842,0
232,/content/Instance_level_recognition/app/ml/data/imgs/Q11716842/image_0233.jpg,Q11716842,0
233,/content/Instance_level_recognition/app/ml/data/imgs/Q11716842/image_0234.jpg,Q11716842,0
234,/content/Instance_level_recognition/app/ml/data/imgs/Q11716842/image_0235.jpg,Q11716842,0
235,/content/Instance_level_recognition/app/ml/data/imgs/Q11716842/image_0236.jpg,Q11716842,0
236,/content/Instance_level_recognition/app/ml/data/imgs/Q11716842/image_0237.jpg,Q11716842,0
237,/content/Instance_level_recognition/app/ml/data/imgs/Q11716842/image_0238.jpg,Q11716842,0
238,/content/Instance_level_recognition/app/ml/data/imgs/Q11716842/image_0239.jpg,Q11716842,0
239,/content/Instance_level_recognition/app/ml/data/imgs/Q11716842/image_0240.jpg,Q11716842,0
240,/content/Instance_level_recognition/app/ml/data/imgs/Q11716842/image_0241.jpg,Q11716842,0
241,/content/Instance_level_recognition/app/ml/data/imgs/Q11716842/image_0242.jpg,Q11716842,0
242,/content/Instance_level_recognition/app/ml/data/imgs/Q11716842/image_0243.jpg,Q11716842,0
243,/content/Instance_level_recognition/app/ml/data/imgs/Q11716842/image_0244.jpg,Q11716842,0
244,/content/Instance_level_recognition/app/ml/data/imgs/Q11716842/image_0245.jpg,Q11716842,0
245,/content/Instance_level_recognition/app/ml/data/imgs/Q11716842/image_0246.jpg,Q11716842,0
246,/content/Instance_level_recognition/app/ml/data/imgs/Q11716842/image_0247.jpg,Q11716842,0
247,/content/Instance_level_recognition/app/ml/data/imgs/Q11716842/image_0248.jpg,Q11716842,0
248,/content/Instance_level_recognition/app/ml/data/imgs/Q11716842/image_0249.jpg,Q11716842,0
249,/content/Instance_level_recognition/app/ml/data/imgs/Q11716842/image_0250.jpg,Q11716842,0
250,/content/Instance_level_recognition/app/ml/data/imgs/Q11716842/image_0251.jpg,Q11716842,0
251,/content/Instance_level_recognition/app/ml/data/imgs/Q11716842/image_0252.jpg,Q11716842,0
252,/content/Instance_level_recognition/app/ml/data/imgs/Q11716842/image_0253.jpg,Q11716842,0
253,/content/Instance_level_recognition/app/ml/data/imgs/Q11716842/image_0254.jpg,Q11716842,0
254,/content/Instance_level_recognition/app/ml/data/imgs/Q11716842/image_0255.jpg,Q11716842,0
255,/content/Instance_level_recognition/app/ml/data/imgs/Q11716842/image_0256.jpg,Q11716842,0
256,/content/Instance_level_recognition/app/ml/data/imgs/Q11716842/image_0257.jpg,Q11716842,0
257,/content/Instance_level_recognition/app/ml/data/imgs/Q11716842/image_0258.jpg,Q11716842,0
258,/content/Instance_level_recognition/app/ml/data/imgs/Q11716842/image_0259.jpg,Q11716842,0
259,/content/Instance_level_recognition/app/ml/data/imgs/Q11716842/image_0260.jpg,Q11716842,0
260,/content/Instance_level_recognition/app/ml/data/imgs/Q11716842/image_0261.jpg,Q11716842,0
261,/content/Instance_level_recognition/app/ml/data/imgs/Q11716842/image_0262.jpg,Q11716842,0
262,/content/Instance_level_recognition/app/ml/data/imgs/Q11716842/image_0263.jpg,Q11716842,0
263,/content/Instance_level_recognition/app/ml/data/imgs/Q11716842/image_0264.jpg,Q11716842,0
264,/content/Instance_level_recognition/app/ml/data/imgs/Q11716842/image_0265.jpg,Q11716842,0
265,/content/Instance_level_recognition/app/ml/data/imgs/Q11716842/image_0266.jpg,Q11716842,0
266,/content/Instance_level_recognition/app/ml/data/imgs/Q11716842/image_0267.jpg,Q11716842,0
267,/content/Instance_level_recognition/app/ml/data/imgs/Q11716842/image_0268.jpg,Q11716842,0
268,/content/Instance_level_recognition/app/ml/data/imgs/Q11716842/image_0269.jpg,Q11716842,0
269,/content/Instance_level_recognition/app/ml/data/imgs/Q11716842/image_0270.jpg,Q11716842,0
270,/content/Instance_level_recognition/app/ml/data/imgs/Q11716842/image_0271.jpg,Q11716842,0
271,/content/Instance_level_recognition/app/ml/data/imgs/Q11716842/image_0272.jpg,Q11716842,0
272,/content/Instance_level_recognition/app/ml/data/imgs/Q11716842/image_0273.jpg,Q11716842,0
273,/content/Instance_level_recognition/app/ml/data/imgs/Q11716842/image_0274.jpg,Q11716842,0
274,/content/Instance_level_recognition/app/ml/data/imgs/Q11716842/image_0275.jpg,Q11716842,0
275,/content/Instance_level_recognition/app/ml/data/imgs/Q11716842/image_0276.jpg,Q11716842,0
276,/content/Instance_level_recognition/app/ml/data/imgs/Q11716842/image_0277.jpg,Q11716842,0
277,/content/Instance_level_recognition/app/ml/data/imgs/Q11716842/image_0278.jpg,Q11716842,0
278,/content/Instance_level_recognition/app/ml/data/imgs/Q11716842/image_0279.jpg,Q11716842,0
279,/content/Instance_level_recognition/app/ml/data/imgs/Q11716842/image_0280.jpg,Q11716842,0
280,/content/Instance_level_recognition/app/ml/data/imgs/Q11716842/image_0281.jpg,Q11716842,0
281,/content/Instance_level_recognition/app/ml/data/imgs/Q11716842/image_0282.jpg,Q11716842,0
282,/content/Instance_level_recognition/app/ml/data/imgs/Q11716842/image_0283.jpg,Q11716842,0
283,/content/Instance_level_recognition/app/ml/data/imgs/Q11716842/image_0284.jpg,Q11716842,0
284,/content/Instance_level_recognition/app/ml/data/imgs/Q11716842/image_0285.jpg,Q11716842,0
285,/content/Instance_level_recognition/app/ml/data/imgs/Q11716842/image_0286.jpg,Q11716842,0
286,/content/Instance_level_recognition/app/ml/data/imgs/Q11716842/image_0287.jpg,Q11716842,0
287,/content/Instance_level_recognition/app/ml/data/imgs/Q11716842/image_0288.jpg,Q11716842,0
288,/content/Instance_level_recognition/app/ml/data/imgs/Q11716842/image_0289.jpg,Q11716842,0
289,/content/Instance_level_recognition/app/ml/data/imgs/Q11716842/image_0290.jpg,Q11716842,0
290,/content/Instance_level_recognition/app/ml/data/imgs/Q11716842/image_0291.jpg,Q11716842,0
291,/content/Instance_level_recognition/app/ml/data/imgs/Q11716842/image_0292.jpg,Q11716842,0
292,/content/Instance_level_recognition/app/ml/data/imgs/Q11716842/image_0293.jpg,Q11716842,0
293,/content/Instance_level_recognition/app/ml/data/imgs/Q11716842/image_0294.jpg,Q11716842,0
294,/content/Instance_level_recognition/app/ml/data/imgs/Q11716842/image_0295.jpg,Q11716842,0
295,/content/Instance_level_recognition/app/ml/data/imgs/Q11716842/image_0296.jpg,Q11716842,0
296,/content/Instance_level_recognition/app/ml/data/imgs/Q11716842/image_0297.jpg,Q11716842,0
297,/content/Instance_level_recognition/app/ml/data/imgs/Q11716842/image_0298.jpg,Q11716842,0
298,/content/Instance_level_recognition/app/ml/data/imgs/Q11716842/image_0299.jpg,Q11716842,0
299,/content/Instance_level_recognition/app/ml/data/imgs/Q11716842/image_0300.jpg,Q11716842,0
300,/content/Instance_level_recognition/app/ml/data/imgs/Q11716842/image_0301.jpg,Q11716842,0
301,/content/Instance_level_recognition/app/ml/data/imgs/Q11716842/image_0302.jpg,Q11716842,0
302,/content/Instance_level_recognition/app/ml/data/imgs/Q11716842/image_0303.jpg,Q11716842,0
303,/content/Instance_level_recognition/app/ml/data/imgs/Q11716842/image_0304.jpg,Q11716842,0
304,/content/Instance_level_recognition/app/ml/data/imgs/Q1742290/image_0000.jpg,Q1742290,1
305,/content/Instance_level_recognition/app/ml/data/imgs/Q1742290/image_0001.jpg,Q1742290,1
306,/content/Instance_level_recognition/app/ml/data/imgs/Q1742290/image_0002.jpg,Q1742290,1
307,/content/Instance_level_recognition/app/ml/data/imgs/Q1742290/image_0003.jpg,Q1742290,1
308,/content/Instance_level_recognition/app/ml/data/imgs/Q1742290/image_0004.jpg,Q1742290,1
309,/content/Instance_level_recognition/app/ml/data/imgs/Q37510/image_0000.jpg,Q37510,2
310,/content/Instance_level_recognition/app/ml/data/imgs/Q37510/image_0001.jpg,Q37510,2
311,/content/Instance_level_recognition/app/ml/data/imgs/Q37510/image_0002.jpg,Q37510,2
312,/content/Instance_level_recognition/app/ml/data/imgs/Q37510/image_0003.jpg,Q37510,2
313,/content/Instance_level_recognition/app/ml/data/imgs/Q37510/image_0004.jpg,Q37510,2
314,/content/Instance_level_recognition/app/ml/data/imgs/Q37510/image_0005.jpg,Q37510,2
315,/content/Instance_level_recognition/app/ml/data/imgs/Q37510/image_0006.jpg,Q37510,2
316,/content/Instance_level_recognition/app/ml/data/imgs/Q37510/image_0007.jpg,Q37510,2
317,/content/Instance_level_recognition/app/ml/data/imgs/Q37510/image_0008.jpg,Q37510,2
318,/content/Instance_level_recognition/app/ml/data/imgs/Q37510/image_0009.jpg,Q37510,2
319,/content/Instance_level_recognition/app/ml/data/imgs/Q37510/image_0010.jpg,Q37510,2
320,/content/Instance_level_recognition/app/ml/data/imgs/Q37510/image_0011.jpg,Q37510,2
321,/content/Instance_level_recognition/app/ml/data/imgs/Q37510/image_0012.jpg,Q37510,2
322,/content/Instance_level_recognition/app/ml/data/imgs/Q37510/image_0013.jpg,Q37510,2
323,/content/Instance_level_recognition/app/ml/data/imgs/Q37510/image_0014.jpg,Q37510,2
324,/content/Instance_level_recognition/app/ml/data/imgs/Q37510/image_0015.jpg,Q37510,2
325,/content/Instance_level_recognition/app/ml/data/imgs/Q37600/image_0000.jpg,Q37600,3
326,/content/Instance_level_recognition/app/ml/data/imgs/Q37600/image_0001.jpg,Q37600,3
327,/content/Instance_level_recognition/app/ml/data/imgs/Q37600/image_0002.jpg,Q37600,3
328,/content/Instance_level_recognition/app/ml/data/imgs/Q37600/image_0003.jpg,Q37600,3
329,/content/Instance_level_recognition/app/ml/data/imgs/Q37600/image_0004.jpg,Q37600,3
330,/content/Instance_level_recognition/app/ml/data/imgs/Q37600/image_0005.jpg,Q37600,3
331,/content/Instance_level_recognition/app/ml/data/imgs/Q37600/image_0006.jpg,Q37600,3
332,/content/Instance_level_recognition/app/ml/data/imgs/Q37600/image_0007.jpg,Q37600,3
333,/content/Instance_level_recognition/app/ml/data/imgs/Q37600/image_0008.jpg,Q37600,3
334,/content/Instance_level_recognition/app/ml/data/imgs/Q37600/image_0009.jpg,Q37600,3
335,/content/Instance_level_recognition/app/ml/data/imgs/Q37600/image_0010.jpg,Q37600,3
336,/content/Instance_level_recognition/app/ml/data/imgs/Q37600/image_0011.jpg,Q37600,3
337,/content/Instance_level_recognition/app/ml/data/imgs/Q37600/image_0012.jpg,Q37600,3
338,/content/Instance_level_recognition/app/ml/data/imgs/Q37600/image_0013.jpg,Q37600,3
339,/content/Instance_level_recognition/app/ml/data/imgs/Q37600/image_0014.jpg,Q37600,3
340,/content/Instance_level_recognition/app/ml/data/imgs/Q37600/image_0015.jpg,Q37600,3
341,/content/Instance_level_recognition/app/ml/data/imgs/Q37600/image_0016.jpg,Q37600,3
342,/content/Instance_level_recognition/app/ml/data/imgs/Q37600/image_0017.jpg,Q37600,3
343,/content/Instance_level_recognition/app/ml/data/imgs/Q37600/image_0018.jpg,Q37600,3
344,/content/Instance_level_recognition/app/ml/data/imgs/Q37600/image_0019.jpg,Q37600,3
345,/content/Instance_level_recognition/app/ml/data/imgs/Q37600/image_0020.jpg,Q37600,3
346,/content/Instance_level_recognition/app/ml/data/imgs/Q37600/image_0021.jpg,Q37600,3
347,/content/Instance_level_recognition/app/ml/data/imgs/Q37600/image_0022.jpg,Q37600,3
348,/content/Instance_level_recognition/app/ml/data/imgs/Q37600/image_0023.jpg,Q37600,3
349,/content/Instance_level_recognition/app/ml/data/imgs/Q37600/image_0024.jpg,Q37600,3
350,/content/Instance_level_recognition/app/ml/data/imgs/Q37600/image_0025.jpg,Q37600,3
351,/content/Instance_level_recognition/app/ml/data/imgs/Q37600/image_0026.jpg,Q37600,3
352,/content/Instance_level_recognition/app/ml/data/imgs/Q37600/image_0027.jpg,Q37600,3
353,/content/Instance_level_recognition/app/ml/data/imgs/Q37600/image_0028.jpg,Q37600,3
354,/content/Instance_level_recognition/app/ml/data/imgs/Q37600/image_0029.jpg,Q37600,3
355,/content/Instance_level_recognition/app/ml/data/imgs/Q37600/image_0030.jpg,Q37600,3
356,/content/Instance_level_recognition/app/ml/data/imgs/Q37600/image_0031.jpg,Q37600,3
357,/content/Instance_level_recognition/app/ml/data/imgs/Q37600/image_0032.jpg,Q37600,3
358,/content/Instance_level_recognition/app/ml/data/imgs/Q37600/image_0033.jpg,Q37600,3
359,/content/Instance_level_recognition/app/ml/data/imgs/Q37600/image_0034.jpg,Q37600,3
360,/content/Instance_level_recognition/app/ml/data/imgs/Q37600/image_0035.jpg,Q37600,3
361,/content/Instance_level_recognition/app/ml/data/imgs/Q37600/image_0036.jpg,Q37600,3
362,/content/Instance_level_recognition/app/ml/data/imgs/Q37600/image_0037.jpg,Q37600,3
363,/content/Instance_level_recognition/app/ml/data/imgs/Q37600/image_0038.jpg,Q37600,3
364,/content/Instance_level_recognition/app/ml/data/imgs/Q37600/image_0039.jpg,Q37600,3
365,/content/Instance_level_recognition/app/ml/data/imgs/Q37600/image_0040.jpg,Q37600,3
366,/content/Instance_level_recognition/app/ml/data/imgs/Q37600/image_0041.jpg,Q37600,3
367,/content/Instance_level_recognition/app/ml/data/imgs/Q37600/image_0042.jpg,Q37600,3
368,/content/Instance_level_recognition/app/ml/data/imgs/Q37600/image_0043.jpg,Q37600,3
369,/content/Instance_level_recognition/app/ml/data/imgs/Q37600/image_0044.jpg,Q37600,3
370,/content/Instance_level_recognition/app/ml/data/imgs/Q37600/image_0045.jpg,Q37600,3
371,/content/Instance_level_recognition/app/ml/data/imgs/Q37600/image_0046.jpg,Q37600,3
372,/content/Instance_level_recognition/app/ml/data/imgs/Q37600/image_0047.jpg,Q37600,3
373,/content/Instance_level_recognition/app/ml/data/imgs/Q37600/image_0048.jpg,Q37600,3
374,/content/Instance_level_recognition/app/ml/data/imgs/Q37600/image_0049.jpg,Q37600,3
375,/content/Instance_level_recognition/app/ml/data/imgs/Q37600/image_0050.jpg,Q37600,3
376,/content/Instance_level_recognition/app/ml/data/imgs/Q37600/image_0051.jpg,Q37600,3
377,/content/Instance_level_recognition/app/ml/data/imgs/Q37600/image_0052.jpg,Q37600,3
378,/content/Instance_level_recognition/app/ml/data/imgs/Q37600/image_0053.jpg,Q37600,3
379,/content/Instance_level_recognition/app/ml/data/imgs/Q37600/image_0054.jpg,Q37600,3
380,/content/Instance_level_recognition/app/ml/data/imgs/Q37600/image_0055.jpg,Q37600,3
381,/content/Instance_level_recognition/app/ml/data/imgs/Q37600/image_0056.jpg,Q37600,3
382,/content/Instance_level_recognition/app/ml/data/imgs/Q37600/image_0057.jpg,Q37600,3
383,/content/Instance_level_recognition/app/ml/data/imgs/Q37600/image_0058.jpg,Q37600,3
384,/content/Instance_level_recognition/app/ml/data/imgs/Q37600/image_0059.jpg,Q37600,3
385,/content/Instance_level_recognition/app/ml/data/imgs/Q37600/image_0060.jpg,Q37600,3
386,/content/Instance_level_recognition/app/ml/data/imgs/Q37600/image_0061.jpg,Q37600,3
387,/content/Instance_level_recognition/app/ml/data/imgs/Q37600/image_0062.jpg,Q37600,3
388,/content/Instance_level_recognition/app/ml/data/imgs/Q37600/image_0063.jpg,Q37600,3
389,/content/Instance_level_recognition/app/ml/data/imgs/Q37600/image_0064.jpg,Q37600,3
390,/content/Instance_level_recognition/app/ml/data/imgs/Q37600/image_0065.jpg,Q37600,3
391,/content/Instance_level_recognition/app/ml/data/imgs/Q37600/image_0066.jpg,Q37600,3
392,/content/Instance_level_recognition/app/ml/data/imgs/Q37600/image_0067.jpg,Q37600,3
393,/content/Instance_level_recognition/app/ml/data/imgs/Q37600/image_0068.jpg,Q37600,3
394,/content/Instance_level_recognition/app/ml/data/imgs/Q37600/image_0069.jpg,Q37600,3
395,/content/Instance_level_recognition/app/ml/data/imgs/Q37600/image_0070.jpg,Q37600,3
396,/content/Instance_level_recognition/app/ml/data/imgs/Q37600/image_0071.jpg,Q37600,3
397,/content/Instance_level_recognition/app/ml/data/imgs/Q37600/image_0072.jpg,Q37600,3
398,/content/Instance_level_recognition/app/ml/data/imgs/Q37600/image_0073.jpg,Q37600,3
399,/content/Instance_level_recognition/app/ml/data/imgs/Q37600/image_0074.jpg,Q37600,3
400,/content/Instance_level_recognition/app/ml/data/imgs/Q37737/image_0000.jpg,Q37737,4
401,/content/Instance_level_recognition/app/ml/data/imgs/Q37737/image_0001.jpg,Q37737,4
402,/content/Instance_level_recognition/app/ml/data/imgs/Q37737/image_0002.jpg,Q37737,4
403,/content/Instance_level_recognition/app/ml/data/imgs/Q37737/image_0003.jpg,Q37737,4
404,/content/Instance_level_recognition/app/ml/data/imgs/Q37737/image_0004.jpg,Q37737,4
405,/content/Instance_level_recognition/app/ml/data/imgs/Q37737/image_0005.jpg,Q37737,4
406,/content/Instance_level_recognition/app/ml/data/imgs/Q37737/image_0006.jpg,Q37737,4
407,/content/Instance_level_recognition/app/ml/data/imgs/Q37737/image_0007.jpg,Q37737,4
408,/content/Instance_level_recognition/app/ml/data/imgs/Q37737/image_0008.jpg,Q37737,4
409,/content/Instance_level_recognition/app/ml/data/imgs/Q37737/image_0009.jpg,Q37737,4
410,/content/Instance_level_recognition/app/ml/data/imgs/Q37737/image_0010.jpg,Q37737,4
411,/content/Instance_level_recognition/app/ml/data/imgs/Q37737/image_0011.jpg,Q37737,4
412,/content/Instance_level_recognition/app/ml/data/imgs/Q37737/image_0012.jpg,Q37737,4
413,/content/Instance_level_recognition/app/ml/data/imgs/Q37737/image_0013.jpg,Q37737,4
414,/content/Instance_level_recognition/app/ml/data/imgs/Q37737/image_0014.jpg,Q37737,4
415,/content/Instance_level_recognition/app/ml/data/imgs/Q37737/image_0015.jpg,Q37737,4
416,/content/Instance_level_recognition/app/ml/data/imgs/Q37737/image_0016.jpg,Q37737,4
417,/content/Instance_level_recognition/app/ml/data/imgs/Q37737/image_0017.jpg,Q37737,4
418,/content/Instance_level_recognition/app/ml/data/imgs/Q37737/image_0018.jpg,Q37737,4
419,/content/Instance_level_recognition/app/ml/data/imgs/Q37737/image_0019.jpg,Q37737,4
420,/content/Instance_level_recognition/app/ml/data/imgs/Q37737/image_0020.jpg,Q37737,4
421,/content/Instance_level_recognition/app/ml/data/imgs/Q37737/image_0021.jpg,Q37737,4
422,/content/Instance_level_recognition/app/ml/data/imgs/Q37737/image_0022.jpg,Q37737,4
423,/content/Instance_level_recognition/app/ml/data/imgs/Q37737/image_0023.jpg,Q37737,4
424,/content/Instance_level_recognition/app/ml/data/imgs/Q37737/image_0024.jpg,Q37737,4
425,/content/Instance_level_recognition/app/ml/data/imgs/Q37934/image_0000.jpg,Q37934,5
426,/content/Instance_level_recognition/app/ml/data/imgs/Q37934/image_0001.jpg,Q37934,5
427,/content/Instance_level_recognition/app/ml/data/imgs/Q37934/image_0002.jpg,Q37934,5
428,/content/Instance_level_recognition/app/ml/data/imgs/Q37934/image_0003.jpg,Q37934,5
429,/content/Instance_level_recognition/app/ml/data/imgs/Q37934/image_0004.jpg,Q37934,5
430,/content/Instance_level_recognition/app/ml/data/imgs/Q37934/image_0005.jpg,Q37934,5
431,/content/Instance_level_recognition/app/ml/data/imgs/Q37934/image_0006.jpg,Q37934,5
432,/content/Instance_level_recognition/app/ml/data/imgs/Q37934/image_0007.jpg,Q37934,5
433,/content/Instance_level_recognition/app/ml/data/imgs/Q37934/image_0008.jpg,Q37934,5
434,/content/Instance_level_recognition/app/ml/data/imgs/Q37934/image_0009.jpg,Q37934,5
435,/content/Instance_level_recognition/app/ml/data/imgs/Q37934/image_0010.jpg,Q37934,5
436,/content/Instance_level_recognition/app/ml/data/imgs/Q37934/image_0011.jpg,Q37934,5
437,/content/Instance_level_recognition/app/ml/data/imgs/Q37934/image_0012.jpg,Q37934,5
438,/content/Instance_level_recognition/app/ml/data/imgs/Q37934/image_0013.jpg,Q37934,5
439,/content/Instance_level_recognition/app/ml/data/imgs/Q37934/image_0014.jpg,Q37934,5
440,/content/Instance_level_recognition/app/ml/data/imgs/Q37934/image_0015.jpg,Q37934,5
441,/content/Instance_level_recognition/app/ml/data/imgs/Q37934/image_0016.jpg,Q37934,5
442,/content/Instance_level_recognition/app/ml/data/imgs/Q37934/image_0017.jpg,Q37934,5
443,/content/Instance_level_recognition/app/ml/data/imgs/Q37934/image_0018.jpg,Q37934,5
444,/content/Instance_level_recognition/app/ml/data/imgs/Q37934/image_0019.jpg,Q37934,5
445,/content/Instance_level_recognition/app/ml/data/imgs/Q37934/image_0020.jpg,Q37934,5
446,/content/Instance_level_recognition/app/ml/data/imgs/Q37934/image_0021.jpg,Q37934,5
447,/content/Instance_level_recognition/app/ml/data/imgs/Q37934/image_0022.jpg,Q37934,5
448,/content/Instance_level_recognition/app/ml/data/imgs/Q37934/image_0023.jpg,Q37934,5
449,/content/Instance_level_recognition/app/ml/data/imgs/Q37934/image_0024.jpg,Q37934,5
450,/content/Instance_level_recognition/app/ml/data/imgs/Q37934/image_0025.jpg,Q37934,5
451,/content/Instance_level_recognition/app/ml/data/imgs/Q37934/image_0026.jpg,Q37934,5
452,/content/Instance_level_recognition/app/ml/data/imgs/Q37934/image_0027.jpg,Q37934,5
453,/content/Instance_level_recognition/app/ml/data/imgs/Q37934/image_0028.jpg,Q37934,5
454,/content/Instance_level_recognition/app/ml/data/imgs/Q37934/image_0029.jpg,Q37934,5
455,/content/Instance_level_recognition/app/ml/data/imgs/Q37934/image_0030.jpg,Q37934,5
456,/content/Instance_level_recognition/app/ml/data/imgs/Q37934/image_0031.jpg,Q37934,5
457,/content/Instance_level_recognition/app/ml/data/imgs/Q37934/image_0032.jpg,Q37934,5
458,/content/Instance_level_recognition/app/ml/data/imgs/Q37934/image_0033.jpg,Q37934,5
459,/content/Instance_level_recognition/app/ml/data/imgs/Q37934/image_0034.jpg,Q37934,5
460,/content/Instance_level_recognition/app/ml/data/imgs/Q37934/image_0035.jpg,Q37934,5
461,/content/Instance_level_recognition/app/ml/data/imgs/Q37934/image_0036.jpg,Q37934,5
462,/content/Instance_level_recognition/app/ml/data/imgs/Q37934/image_0037.jpg,Q37934,5
463,/content/Instance_level_recognition/app/ml/data/imgs/Q37934/image_0038.jpg,Q37934,5
464,/content/Instance_level_recognition/app/ml/data/imgs/Q37934/image_0039.jpg,Q37934,5
465,/content/Instance_level_recognition/app/ml/data/imgs/Q37934/image_0040.jpg,Q37934,5
466,/content/Instance_level_recognition/app/ml/data/imgs/Q37934/image_0041.jpg,Q37934,5
467,/content/Instance_level_recognition/app/ml/data/imgs/Q37934/image_0042.jpg,Q37934,5
468,/content/Instance_level_recognition/app/ml/data/imgs/Q37934/image_0043.jpg,Q37934,5
469,/content/Instance_level_recognition/app/ml/data/imgs/Q37934/image_0044.jpg,Q37934,5
470,/content/Instance_level_recognition/app/ml/data/imgs/Q37934/image_0045.jpg,Q37934,5
471,/content/Instance_level_recognition/app/ml/data/imgs/Q37934/image_0046.jpg,Q37934,5
472,/content/Instance_level_recognition/app/ml/data/imgs/Q37934/image_0047.jpg,Q37934,5
473,/content/Instance_level_recognition/app/ml/data/imgs/Q37934/image_0048.jpg,Q37934,5
474,/content/Instance_level_recognition/app/ml/data/imgs/Q37934/image_0049.jpg,Q37934,5
475,/content/Instance_level_recognition/app/ml/data/imgs/Q37934/image_0050.jpg,Q37934,5
476,/content/Instance_level_recognition/app/ml/data/imgs/Q37934/image_0051.jpg,Q37934,5
477,/content/Instance_level_recognition/app/ml/data/imgs/Q37934/image_0052.jpg,Q37934,5
478,/content/Instance_level_recognition/app/ml/data/imgs/Q37934/image_0053.jpg,Q37934,5
479,/content/Instance_level_recognition/app/ml/data/imgs/Q37934/image_0054.jpg,Q37934,5
480,/content/Instance_level_recognition/app/ml/data/imgs/Q37934/image_0055.jpg,Q37934,5
481,/content/Instance_level_recognition/app/ml/data/imgs/Q37934/image_0056.jpg,Q37934,5
482,/content/Instance_level_recognition/app/ml/data/imgs/Q37934/image_0057.jpg,Q37934,5
483,/content/Instance_level_recognition/app/ml/data/imgs/Q37934/image_0058.jpg,Q37934,5
484,/content/Instance_level_recognition/app/ml/data/imgs/Q37934/image_0059.jpg,Q37934,5
485,/content/Instance_level_recognition/app/ml/data/imgs/Q37934/image_0060.jpg,Q37934,5
486,/content/Instance_level_recognition/app/ml/data/imgs/Q37934/image_0061.jpg,Q37934,5
487,/content/Instance_level_recognition/app/ml/data/imgs/Q37934/image_0062.jpg,Q37934,5
488,/content/Instance_level_recognition/app/ml/data/imgs/Q37934/image_0063.jpg,Q37934,5
489,/content/Instance_level_recognition/app/ml/data/imgs/Q37934/image_0064.jpg,Q37934,5
490,/content/Instance_level_recognition/app/ml/data/imgs/Q37934/image_0065.jpg,Q37934,5
491,/content/Instance_level_recognition/app/ml/data/imgs/Q37934/image_0066.jpg,Q37934,5
492,/content/Instance_level_recognition/app/ml/data/imgs/Q37934/image_0067.jpg,Q37934,5
493,/content/Instance_level_recognition/app/ml/data/imgs/Q38115/image_0000.jpg,Q38115,6
494,/content/Instance_level_recognition/app/ml/data/imgs/Q38115/image_0001.jpg,Q38115,6
495,/content/Instance_level_recognition/app/ml/data/imgs/Q38115/image_0002.jpg,Q38115,6
496,/content/Instance_level_recognition/app/ml/data/imgs/Q38115/image_0003.jpg,Q38115,6
497,/content/Instance_level_recognition/app/ml/data/imgs/Q38115/image_0004.jpg,Q38115,6
498,/content/Instance_level_recognition/app/ml/data/imgs/Q38115/image_0005.jpg,Q38115,6
499,/content/Instance_level_recognition/app/ml/data/imgs/Q38115/image_0006.jpg,Q38115,6
500,/content/Instance_level_recognition/app/ml/data/imgs/Q38115/image_0007.jpg,Q38115,6
501,/content/Instance_level_recognition/app/ml/data/imgs/Q38115/image_0008.jpg,Q38115,6
502,/content/Instance_level_recognition/app/ml/data/imgs/Q38115/image_0009.jpg,Q38115,6
503,/content/Instance_level_recognition/app/ml/data/imgs/Q38115/image_0010.jpg,Q38115,6
504,/content/Instance_level_recognition/app/ml/data/imgs/Q38115/image_0011.jpg,Q38115,6
505,/content/Instance_level_recognition/app/ml/data/imgs/Q38115/image_0012.jpg,Q38115,6
506,/content/Instance_level_recognition/app/ml/data/imgs/Q38115/image_0013.jpg,Q38115,6
507,/content/Instance_level_recognition/app/ml/data/imgs/Q38115/image_0014.jpg,Q38115,6
508,/content/Instance_level_recognition/app/ml/data/imgs/Q38115/image_0015.jpg,Q38115,6
509,/content/Instance_level_recognition/app/ml/data/imgs/Q38115/image_0016.jpg,Q38115,6
510,/content/Instance_level_recognition/app/ml/data/imgs/Q38115/image_0017.jpg,Q38115,6
511,/content/Instance_level_recognition/app/ml/data/imgs/Q38115/image_0018.jpg,Q38115,6
512,/content/Instance_level_recognition/app/ml/data/imgs/Q38115/image_0019.jpg,Q38115,6
513,/content/Instance_level_recognition/app/ml/data/imgs/Q38115/image_0020.jpg,Q38115,6
514,/content/Instance_level_recognition/app/ml/data/imgs/Q38115/image_0021.jpg,Q38115,6
515,/content/Instance_level_recognition/app/ml/data/imgs/Q38115/image_0022.jpg,Q38115,6
516,/content/Instance_level_recognition/app/ml/data/imgs/Q38115/image_0023.jpg,Q38115,6
517,/content/Instance_level_recognition/app/ml/data/imgs/Q38115/image_0024.jpg,Q38115,6
518,/content/Instance_level_recognition/app/ml/data/imgs/Q38115/image_0025.jpg,Q38115,6
519,/content/Instance_level_recognition/app/ml/data/imgs/Q38115/image_0026.jpg,Q38115,6
520,/content/Instance_level_recognition/app/ml/data/imgs/Q38115/image_0027.jpg,Q38115,6
521,/content/Instance_level_recognition/app/ml/data/imgs/Q38115/image_0028.jpg,Q38115,6
522,/content/Instance_level_recognition/app/ml/data/imgs/Q38115/image_0029.jpg,Q38115,6
523,/content/Instance_level_recognition/app/ml/data/imgs/Q38115/image_0030.jpg,Q38115,6
524,/content/Instance_level_recognition/app/ml/data/imgs/Q38115/image_0031.jpg,Q38115,6
525,/content/Instance_level_recognition/app/ml/data/imgs/Q38115/image_0032.jpg,Q38115,6
526,/content/Instance_level_recognition/app/ml/data/imgs/Q38115/image_0033.jpg,Q38115,6
527,/content/Instance_level_recognition/app/ml/data/imgs/Q38115/image_0034.jpg,Q38115,6
528,/content/Instance_level_recognition/app/ml/data/imgs/Q38115/image_0035.jpg,Q38115,6
529,/content/Instance_level_recognition/app/ml/data/imgs/Q38115/image_0036.jpg,Q38115,6
530,/content/Instance_level_recognition/app/ml/data/imgs/Q38115/image_0037.jpg,Q38115,6
531,/content/Instance_level_recognition/app/ml/data/imgs/Q38115/image_0038.jpg,Q38115,6
532,/content/Instance_level_recognition/app/ml/data/imgs/Q38115/image_0039.jpg,Q38115,6
533,/content/Instance_level_recognition/app/ml/data/imgs/Q38115/image_0040.jpg,Q38115,6
534,/content/Instance_level_recognition/app/ml/data/imgs/Q38115/image_0041.jpg,Q38115,6
535,/content/Instance_level_recognition/app/ml/data/imgs/Q38115/image_0042.jpg,Q38115,6
536,/content/Instance_level_recognition/app/ml/data/imgs/Q38115/image_0043.jpg,Q38115,6
537,/content/Instance_level_recognition/app/ml/data/imgs/Q38115/image_0044.jpg,Q38115,6
538,/content/Instance_level_recognition/app/ml/data/imgs/Q38115/image_0045.jpg,Q38115,6
539,/content/Instance_level_recognition/app/ml/data/imgs/Q38115/image_0046.jpg,Q38115,6
540,/content/Instance_level_recognition/app/ml/data/imgs/Q38115/image_0047.jpg,Q38115,6
541,/content/Instance_level_recognition/app/ml/data/imgs/Q38115/image_0048.jpg,Q38115,6
542,/content/Instance_level_recognition/app/ml/data/imgs/Q38115/image_0049.jpg,Q38115,6
543,/content/Instance_level_recognition/app/ml/data/imgs/Q38115/image_0050.jpg,Q38115,6
544,/content/Instance_level_recognition/app/ml/data/imgs/Q38115/image_0051.jpg,Q38115,6
545,/content/Instance_level_recognition/app/ml/data/imgs/Q38115/image_0052.jpg,Q38115,6
546,/content/Instance_level_recognition/app/ml/data/imgs/Q38115/image_0053.jpg,Q38115,6
547,/content/Instance_level_recognition/app/ml/data/imgs/Q38115/image_0054.jpg,Q38115,6
548,/content/Instance_level_recognition/app/ml/data/imgs/Q38115/image_0055.jpg,Q38115,6
549,/content/Instance_level_recognition/app/ml/data/imgs/Q38115/image_0056.jpg,Q38115,6
550,/content/Instance_level_recognition/app/ml/data/imgs/Q38115/image_0057.jpg,Q38115,6
551,/content/Instance_level_recognition/app/ml/data/imgs/Q38115/image_0058.jpg,Q38115,6
552,/content/Instance_level_recognition/app/ml/data/imgs/Q38115/image_0059.jpg,Q38115,6
553,/content/Instance_level_recognition/app/ml/data/imgs/Q38115/image_0060.jpg,Q38115,6
554,/content/Instance_level_recognition/app/ml/data/imgs/Q38115/image_0061.jpg,Q38115,6
555,/content/Instance_level_recognition/app/ml/data/imgs/Q38115/image_0062.jpg,Q38115,6
556,/content/Instance_level_recognition/app/ml/data/imgs/Q38115/image_0063.jpg,Q38115,6
557,/content/Instance_level_recognition/app/ml/data/imgs/Q38115/image_0064.jpg,Q38115,6
558,/content/Instance_level_recognition/app/ml/data/imgs/Q38115/image_0065.jpg,Q38115,6
559,/content/Instance_level_recognition/app/ml/data/imgs/Q38115/image_0066.jpg,Q38115,6
560,/content/Instance_level_recognition/app/ml/data/imgs/Q38115/image_0067.jpg,Q38115,6
561,/content/Instance_level_recognition/app/ml/data/imgs/Q38115/image_0068.jpg,Q38115,6
562,/content/Instance_level_recognition/app/ml/data/imgs/Q38115/image_0069.jpg,Q38115,6
563,/content/Instance_level_recognition/app/ml/data/imgs/Q38115/image_0070.jpg,Q38115,6
564,/content/Instance_level_recognition/app/ml/data/imgs/Q38115/image_0071.jpg,Q38115,6
565,/content/Instance_level_recognition/app/ml/data/imgs/Q38115/image_0072.jpg,Q38115,6
566,/content/Instance_level_recognition/app/ml/data/imgs/Q38115/image_0073.jpg,Q38115,6
567,/content/Instance_level_recognition/app/ml/data/imgs/Q38115/image_0074.jpg,Q38115,6
568,/content/Instance_level_recognition/app/ml/data/imgs/Q38115/image_0075.jpg,Q38115,6
569,/content/Instance_level_recognition/app/ml/data/imgs/Q38115/image_0076.jpg,Q38115,6
570,/content/Instance_level_recognition/app/ml/data/imgs/Q38115/image_0077.jpg,Q38115,6
571,/content/Instance_level_recognition/app/ml/data/imgs/Q38115/image_0078.jpg,Q38115,6
572,/content/Instance_level_recognition/app/ml/data/imgs/Q38115/image_0079.jpg,Q38115,6
573,/content/Instance_level_recognition/app/ml/data/imgs/Q38115/image_0080.jpg,Q38115,6
574,/content/Instance_level_recognition/app/ml/data/imgs/Q38115/image_0081.jpg,Q38115,6
575,/content/Instance_level_recognition/app/ml/data/imgs/Q38115/image_0082.jpg,Q38115,6
576,/content/Instance_level_recognition/app/ml/data/imgs/Q38115/image_0083.jpg,Q38115,6
577,/content/Instance_level_recognition/app/ml/data/imgs/Q38115/image_0084.jpg,Q38115,6
578,/content/Instance_level_recognition/app/ml/data/imgs/Q38115/image_0085.jpg,Q38115,6
579,/content/Instance_level_recognition/app/ml/data/imgs/Q38115/image_0086.jpg,Q38115,6
580,/content/Instance_level_recognition/app/ml/data/imgs/Q38115/image_0087.jpg,Q38115,6
581,/content/Instance_level_recognition/app/ml/data/imgs/Q38115/image_0088.jpg,Q38115,6
582,/content/Instance_level_recognition/app/ml/data/imgs/Q38115/image_0089.jpg,Q38115,6
583,/content/Instance_level_recognition/app/ml/data/imgs/Q38115/image_0090.jpg,Q38115,6
584,/content/Instance_level_recognition/app/ml/data/imgs/Q38115/image_0091.jpg,Q38115,6
585,/content/Instance_level_recognition/app/ml/data/imgs/Q38115/image_0092.jpg,Q38115,6
586,/content/Instance_level_recognition/app/ml/data/imgs/Q38115/image_0093.jpg,Q38115,6
587,/content/Instance_level_recognition/app/ml/data/imgs/Q38115/image_0094.jpg,Q38115,6
588,/content/Instance_level_recognition/app/ml/data/imgs/Q38115/image_0095.jpg,Q38115,6
589,/content/Instance_level_recognition/app/ml/data/imgs/Q38115/image_0096.jpg,Q38115,6
590,/content/Instance_level_recognition/app/ml/data/imgs/Q38634/image_0000.jpg,Q38634,7
591,/content/Instance_level_recognition/app/ml/data/imgs/Q38634/image_0001.jpg,Q38634,7
592,/content/Instance_level_recognition/app/ml/data/imgs/Q38634/image_0002.jpg,Q38634,7
593,/content/Instance_level_recognition/app/ml/data/imgs/Q38634/image_0003.jpg,Q38634,7
594,/content/Instance_level_recognition/app/ml/data/imgs/Q38634/image_0004.jpg,Q38634,7
595,/content/Instance_level_recognition/app/ml/data/imgs/Q38634/image_0005.jpg,Q38634,7
596,/content/Instance_level_recognition/app/ml/data/imgs/Q38634/image_0006.jpg,Q38634,7
597,/content/Instance_level_recognition/app/ml/data/imgs/Q38634/image_0007.jpg,Q38634,7
598,/content/Instance_level_recognition/app/ml/data/imgs/Q38634/image_0008.jpg,Q38634,7
599,/content/Instance_level_recognition/app/ml/data/imgs/Q38634/image_0009.jpg,Q38634,7
600,/content/Instance_level_recognition/app/ml/data/imgs/Q38634/image_0010.jpg,Q38634,7
601,/content/Instance_level_recognition/app/ml/data/imgs/Q38634/image_0011.jpg,Q38634,7
602,/content/Instance_level_recognition/app/ml/data/imgs/Q38634/image_0012.jpg,Q38634,7
603,/content/Instance_level_recognition/app/ml/data/imgs/Q38634/image_0013.jpg,Q38634,7
604,/content/Instance_level_recognition/app/ml/data/imgs/Q38634/image_0014.jpg,Q38634,7
605,/content/Instance_level_recognition/app/ml/data/imgs/Q38634/image_0015.jpg,Q38634,7
606,/content/Instance_level_recognition/app/ml/data/imgs/Q38634/image_0016.jpg,Q38634,7
607,/content/Instance_level_recognition/app/ml/data/imgs/Q38634/image_0017.jpg,Q38634,7
608,/content/Instance_level_recognition/app/ml/data/imgs/Q38634/image_0018.jpg,Q38634,7
609,/content/Instance_level_recognition/app/ml/data/imgs/Q38634/image_0019.jpg,Q38634,7
610,/content/Instance_level_recognition/app/ml/data/imgs/Q38634/image_0020.jpg,Q38634,7
611,/content/Instance_level_recognition/app/ml/data/imgs/Q38634/image_0021.jpg,Q38634,7
612,/content/Instance_level_recognition/app/ml/data/imgs/Q38634/image_0022.jpg,Q38634,7
613,/content/Instance_level_recognition/app/ml/data/imgs/Q38634/image_0023.jpg,Q38634,7
614,/content/Instance_level_recognition/app/ml/data/imgs/Q38634/image_0024.jpg,Q38634,7
615,/content/Instance_level_recognition/app/ml/data/imgs/Q38634/image_0025.jpg,Q38634,7
616,/content/Instance_level_recognition/app/ml/data/imgs/Q38634/image_0026.jpg,Q38634,7
617,/content/Instance_level_recognition/app/ml/data/imgs/Q38634/image_0027.jpg,Q38634,7
618,/content/Instance_level_recognition/app/ml/data/imgs/Q38634/image_0028.jpg,Q38634,7
619,/content/Instance_level_recognition/app/ml/data/imgs/Q38634/image_0029.jpg,Q38634,7
620,/content/Instance_level_recognition/app/ml/data/imgs/Q38634/image_0030.jpg,Q38634,7
621,/content/Instance_level_recognition/app/ml/data/imgs/Q38634/image_0031.jpg,Q38634,7
622,/content/Instance_level_recognition/app/ml/data/imgs/Q38634/image_0032.jpg,Q38634,7
623,/content/Instance_level_recognition/app/ml/data/imgs/Q38634/image_0033.jpg,Q38634,7
624,/content/Instance_level_recognition/app/ml/data/imgs/Q38634/image_0034.jpg,Q38634,7
625,/content/Instance_level_recognition/app/ml/data/imgs/Q38975/image_0000.jpg,Q38975,8
626,/content/Instance_level_recognition/app/ml/data/imgs/Q38975/image_0001.jpg,Q38975,8
627,/content/Instance_level_recognition/app/ml/data/imgs/Q38975/image_0002.jpg,Q38975,8
628,/content/Instance_level_recognition/app/ml/data/imgs/Q38975/image_0003.jpg,Q38975,8
629,/content/Instance_level_recognition/app/ml/data/imgs/Q38975/image_0004.jpg,Q38975,8
630,/content/Instance_level_recognition/app/ml/data/imgs/Q38975/image_0005.jpg,Q38975,8
631,/content/Instance_level_recognition/app/ml/data/imgs/Q39280/image_0000.jpg,Q39280,9
632,/content/Instance_level_recognition/app/ml/data/imgs/Q39280/image_0001.jpg,Q39280,9
633,/content/Instance_level_recognition/app/ml/data/imgs/Q39280/image_0002.jpg,Q39280,9
634,/content/Instance_level_recognition/app/ml/data/imgs/Q39280/image_0003.jpg,Q39280,9
635,/content/Instance_level_recognition/app/ml/data/imgs/Q39280/image_0004.jpg,Q39280,9
636,/content/Instance_level_recognition/app/ml/data/imgs/Q39280/image_0005.jpg,Q39280,9
637,/content/Instance_level_recognition/app/ml/data/imgs/Q39280/image_0006.jpg,Q39280,9
638,/content/Instance_level_recognition/app/ml/data/imgs/Q39280/image_0007.jpg,Q39280,9
639,/content/Instance_level_recognition/app/ml/data/imgs/Q39280/image_0008.jpg,Q39280,9
640,/content/Instance_level_recognition/app/ml/data/imgs/Q39280/image_0009.jpg,Q39280,9
641,/content/Instance_level_recognition/app/ml/data/imgs/Q39280/image_0010.jpg,Q39280,9
642,/content/Instance_level_recognition/app/ml/data/imgs/Q39280/image_0011.jpg,Q39280,9
643,/content/Instance_level_recognition/app/ml/data/imgs/Q39280/image_0012.jpg,Q39280,9
644,/content/Instance_level_recognition/app/ml/data/imgs/Q39280/image_0013.jpg,Q39280,9
645,/content/Instance_level_recognition/app/ml/data/imgs/Q39280/image_0014.jpg,Q39280,9
